name	kind	prototype	retail	size
SelectFreeCam	function	0x195040	0x1aa558	96
SelectFreezeCam	function	0x1950a0	0x1aa5b8	116
GodModeToggle	function	0x195478	0x1aaad8	104
SetGodModeText	function	0x1957b0	0x1aae10	108
DebugMenuSetup	function	0x195820	0x1aae80	292
DebugMenuUpdate	function	0x194028	0x1a88d8	392
Memory_Initialise	function	0x1f3360	0x20ecd0	344
Memory_ResetBlock	function	0x1f34b8	0x20ee28	560
Memory_AllocBlock	function	0x1f36e8	0x20f058	728
Memory_StatsString	function	0x1f3b90	0x20f518	564
Memory_InitMallocBlockInfo	function	0x1f50c0	0x210a48	168
Memory_SetBlock	function	0x1f51a0	0x210b28	568
Memory_Available	function	0x1f5420	0x210da8	120
Memory_Used	function	0x1f5498	0x210e20	168
StartAsyncHDLoad	function	0x1f6258	0x212240	132
AdjustLoadInfo	function	0x1f6310	0x212380	32
StartAsyncLoadFile	function	0x1f6330	0x2123a0	28
AsyncLoadStatus	function	0x1f6358	0x2123c8	232
AsyncProcessLoad	function	0x1f6128	0x212110	232
cPxFileInterface_StartFileLoading	function	0x349f90	0x370a70	40
cPxFileInterface_FileLoadStatus	function	0x349fb8	0x370a98	40
cPxFileInterface_CloseFileHandle	function	0x34a008	0x370ae8	40
Async_DataLoad	function	0x351750	0x378a30	1024
GetAsyncFileSize	function	0x1f5d20	0x211878	704
gGodMode	global	0x4a3568	0x4c7778	0
G_Free_Camera	global	0x4e83d8	0x511378	0
gObjectNum	global	0x4e31e4	0x50c134	0
gMenuSystem	global	0x5aeef0	0x5d1de0	0
SelectWindowId	global	0x5af6f0	0x5d2724	0
ActiveWindowId	global	0x5af6f4	0x5d2728	0
DebugMenuWin	global	0x4a3258	0x4c73a0	0
gTest_no_particle_update	global	0x72fc40	0x6bee10	0
alloc_blocks	global	0x6283d8	0x64e998	0
alloc_block_f	global	0x62b7d8	0x651d98	0
gMemoryErrorIgnore_f	global	0x4c7980	0x4ef430	0
async_load_info	global	0x4c7d28	0x4ef7e0	0
file_info	global	0x62b870	0x651e30	0
gPxFileInterface	global	0x7c4408	0x7536d8	0
async_info	global	0x7c67e8	0x755ab8	0
