name,start,end,size
mk_kernel_copy,0x00486088,0x004860C0,56
mk_kernel_find,0x004860C0,0x00486100,64
sub_0011C070,0x0011C070,0x0011C2B0,576
mk_SetT2,0x00486728,0x00486798,112
mk_startup_return,0x00205DE8,0x00205DF0,8
mk_archive_ctor,0x00412138,0x00412160,40
mk_ctor_00104188,0x00104188,0x001041B0,40
mk_ctor_00104300,0x00104300,0x00104328,40
mk_ctor_00104c80,0x00104C80,0x00104CA8,40
mk_ctor_00105190,0x00105190,0x001051B8,40
mk_ctor_0010ac60,0x0010AC60,0x0010AC88,40
mk_ctor_0010dde8,0x0010DDE8,0x0010DE10,40
mk_ctor_0010e338,0x0010E338,0x0010E360,40
mk_ctor_0010f890,0x0010F890,0x0010F8B8,40
mk_ctor_00111710,0x00111710,0x00111738,40
mk_ctor_001132c0,0x001132C0,0x001132E8,40
mk_ctor_001137b0,0x001137B0,0x001137D8,40
mk_ctor_00113e40,0x00113E40,0x00113E68,40
mk_ctor_00117c30,0x00117C30,0x00117C58,40
mk_ctor_00117df0,0x00117DF0,0x00117E18,40
mk_ctor_00118c30,0x00118C30,0x00118C58,40
mk_ctor_0011aa08,0x0011AA08,0x0011AA30,40
mk_ctor_0011e158,0x0011E158,0x0011E180,40
mk_ctor_0011e2b0,0x0011E2B0,0x0011E2D8,40
mk_ctor_0011f370,0x0011F370,0x0011F398,40
mk_ctor_00120408,0x00120408,0x00120430,40
mk_ctor_00120c10,0x00120C10,0x00120C38,40
mk_ctor_001214a8,0x001214A8,0x001214D0,40
mk_ctor_00126760,0x00126760,0x00126788,40
mk_ctor_001287e0,0x001287E0,0x00128808,40
mk_ctor_0012ae70,0x0012AE70,0x0012AE98,40
mk_ctor_0012e528,0x0012E528,0x0012E550,40
mk_ctor_001316d0,0x001316D0,0x001316F8,40
mk_ctor_0013b000,0x0013B000,0x0013B028,40
mk_ctor_00143af0,0x00143AF0,0x00143B18,40
mk_ctor_0015b3b0,0x0015B3B0,0x0015B3D8,40
mk_ctor_001615c8,0x001615C8,0x001615F0,40
mk_ctor_001661d8,0x001661D8,0x00166200,40
mk_ctor_001663b8,0x001663B8,0x001663E0,40
mk_ctor_00166980,0x00166980,0x001669A8,40
mk_ctor_001676f0,0x001676F0,0x00167718,40
mk_ctor_00168ce0,0x00168CE0,0x00168D08,40
mk_ctor_00168de8,0x00168DE8,0x00168E10,40
mk_ctor_001699e8,0x001699E8,0x00169A10,40
mk_ctor_0016a728,0x0016A728,0x0016A750,40
mk_ctor_001702c0,0x001702C0,0x001702E8,40
mk_ctor_00175b40,0x00175B40,0x00175B68,40
mk_ctor_0017de00,0x0017DE00,0x0017DE28,40
mk_ctor_001808c8,0x001808C8,0x001808F0,40
mk_ctor_00183150,0x00183150,0x00183178,40
mk_ctor_0018fb48,0x0018FB48,0x0018FB70,40
mk_ctor_001a3c60,0x001A3C60,0x001A3C88,40
mk_ctor_001a7e80,0x001A7E80,0x001A7EA8,40
mk_ctor_001ab4d8,0x001AB4D8,0x001AB500,40
mk_ctor_001af748,0x001AF748,0x001AF770,40
mk_ctor_001b3128,0x001B3128,0x001B3150,40
mk_ctor_001b5298,0x001B5298,0x001B52C0,40
mk_ctor_001b59b0,0x001B59B0,0x001B59D8,40
mk_ctor_001b5de8,0x001B5DE8,0x001B5E10,40
mk_ctor_001b5f88,0x001B5F88,0x001B5FB0,40
mk_ctor_001b6128,0x001B6128,0x001B6150,40
mk_ctor_001b62c8,0x001B62C8,0x001B62F0,40
mk_ctor_001b6468,0x001B6468,0x001B6490,40
mk_ctor_001b6608,0x001B6608,0x001B6630,40
mk_ctor_001b67a8,0x001B67A8,0x001B67D0,40
mk_ctor_001b6948,0x001B6948,0x001B6970,40
mk_ctor_001b6ea8,0x001B6EA8,0x001B6ED0,40
mk_ctor_001b7070,0x001B7070,0x001B7098,40
mk_ctor_001b7428,0x001B7428,0x001B7450,40
mk_ctor_001b7820,0x001B7820,0x001B7848,40
mk_ctor_001b7a68,0x001B7A68,0x001B7A90,40
mk_ctor_001b7cb0,0x001B7CB0,0x001B7CD8,40
mk_ctor_001b8088,0x001B8088,0x001B80B0,40
mk_ctor_001b8230,0x001B8230,0x001B8258,40
mk_ctor_001b83d8,0x001B83D8,0x001B8400,40
mk_ctor_001b8580,0x001B8580,0x001B85A8,40
mk_ctor_001c0e90,0x001C0E90,0x001C0EB8,40
mk_ctor_001c2240,0x001C2240,0x001C2268,40
mk_ctor_001c5468,0x001C5468,0x001C5490,40
mk_ctor_001c5bb0,0x001C5BB0,0x001C5BD8,40
mk_ctor_001cae30,0x001CAE30,0x001CAE58,40
mk_ctor_001cb638,0x001CB638,0x001CB660,40
mk_ctor_001ccc00,0x001CCC00,0x001CCC28,40
mk_ctor_001cd860,0x001CD860,0x001CD888,40
mk_ctor_001d2310,0x001D2310,0x001D2338,40
mk_ctor_001e68b8,0x001E68B8,0x001E68E0,40
mk_ctor_001e8050,0x001E8050,0x001E8078,40
mk_ctor_001f0620,0x001F0620,0x001F0648,40
mk_ctor_001f7378,0x001F7378,0x001F73A0,40
mk_ctor_002010d0,0x002010D0,0x002010F8,40
mk_ctor_0020cb78,0x0020CB78,0x0020CBA0,40
mk_ctor_0021fc50,0x0021FC50,0x0021FC78,40
mk_ctor_00223f80,0x00223F80,0x00223FA8,40
mk_ctor_002311c8,0x002311C8,0x002311F0,40
mk_ctor_0024d8c0,0x0024D8C0,0x0024D8E8,40
mk_ctor_002610a0,0x002610A0,0x002610C8,40
mk_ctor_00263900,0x00263900,0x00263928,40
mk_ctor_00268620,0x00268620,0x00268648,40
mk_ctor_0026e190,0x0026E190,0x0026E1B8,40
mk_ctor_00273c70,0x00273C70,0x00273C98,40
mk_ctor_00273d50,0x00273D50,0x00273D78,40
mk_ctor_002871d8,0x002871D8,0x00287200,40
mk_ctor_0028a2b8,0x0028A2B8,0x0028A2E0,40
mk_ctor_00297b28,0x00297B28,0x00297B50,40
mk_ctor_0029e840,0x0029E840,0x0029E868,40
mk_ctor_002b1670,0x002B1670,0x002B1698,40
mk_ctor_002b1a28,0x002B1A28,0x002B1A50,40
mk_ctor_002b3118,0x002B3118,0x002B3140,40
mk_ctor_002b9ba0,0x002B9BA0,0x002B9BC8,40
mk_ctor_002c4080,0x002C4080,0x002C40A8,40
mk_ctor_002c5938,0x002C5938,0x002C5960,40
mk_ctor_002c7768,0x002C7768,0x002C7790,40
mk_ctor_002c97c0,0x002C97C0,0x002C97E8,40
mk_ctor_002d1a18,0x002D1A18,0x002D1A40,40
mk_ctor_002d4490,0x002D4490,0x002D44B8,40
mk_ctor_002e0d08,0x002E0D08,0x002E0D30,40
mk_ctor_002f41d8,0x002F41D8,0x002F4200,40
mk_ctor_002f6b50,0x002F6B50,0x002F6B78,40
mk_ctor_002f8190,0x002F8190,0x002F81B8,40
mk_ctor_002fa7b8,0x002FA7B8,0x002FA7E0,40
mk_ctor_00306840,0x00306840,0x00306868,40
mk_ctor_00307fe8,0x00307FE8,0x00308010,40
mk_ctor_0030c638,0x0030C638,0x0030C660,40
mk_ctor_00317250,0x00317250,0x00317278,40
mk_ctor_003191c8,0x003191C8,0x003191F0,40
mk_ctor_0031c710,0x0031C710,0x0031C738,40
mk_ctor_0031e228,0x0031E228,0x0031E250,40
mk_ctor_00320300,0x00320300,0x00320328,40
mk_ctor_003251f8,0x003251F8,0x00325220,40
mk_ctor_00326118,0x00326118,0x00326140,40
mk_ctor_00327ed0,0x00327ED0,0x00327EF8,40
mk_ctor_003457b0,0x003457B0,0x003457D8,40
mk_ctor_0034d768,0x0034D768,0x0034D790,40
mk_ctor_0034dd68,0x0034DD68,0x0034DD90,40
mk_ctor_0034f070,0x0034F070,0x0034F098,40
mk_ctor_00351e98,0x00351E98,0x00351EC0,40
mk_ctor_00354b30,0x00354B30,0x00354B58,40
mk_ctor_0035d438,0x0035D438,0x0035D460,40
mk_ctor_0035e1a0,0x0035E1A0,0x0035E1C8,40
mk_ctor_0035f2e0,0x0035F2E0,0x0035F308,40
mk_ctor_00364590,0x00364590,0x003645B8,40
mk_ctor_00366120,0x00366120,0x00366148,40
mk_ctor_00366bb8,0x00366BB8,0x00366BE0,40
mk_ctor_0036a3e0,0x0036A3E0,0x0036A408,40
mk_ctor_0036be50,0x0036BE50,0x0036BE78,40
mk_ctor_00372ec0,0x00372EC0,0x00372EE8,40
mk_ctor_00378398,0x00378398,0x003783C0,40
mk_ctor_0037c058,0x0037C058,0x0037C080,40
mk_ctor_00380148,0x00380148,0x00380170,40
mk_ctor_00388ba8,0x00388BA8,0x00388BC8,32
mk_ctor_0038dd80,0x0038DD80,0x0038DDA0,32
mk_ctor_00398180,0x00398180,0x003981A0,32
mk_ctor_00398250,0x00398250,0x00398270,32
mk_ctor_00398990,0x00398990,0x003989B0,32
mk_ctor_00398a30,0x00398A30,0x00398A50,32
mk_ctor_00398c58,0x00398C58,0x00398C78,32
mk_ctor_003993c8,0x003993C8,0x003993E8,32
mk_ctor_0039cec0,0x0039CEC0,0x0039CEE0,32
mk_ctor_003a44d8,0x003A44D8,0x003A44F8,32
mk_ctor_003a5b48,0x003A5B48,0x003A5B68,32
mk_ctor_003a89b0,0x003A89B0,0x003A89D0,32
mk_ctor_003a8eb0,0x003A8EB0,0x003A8ED0,32
mk_ctor_003cd840,0x003CD840,0x003CD860,32
mk_ctor_003ced58,0x003CED58,0x003CED78,32
mk_ctor_003cf790,0x003CF790,0x003CF7B0,32
mk_ctor_003d3480,0x003D3480,0x003D34A0,32
mk_ctor_003d4e40,0x003D4E40,0x003D4E60,32
mk_ctor_0040a460,0x0040A460,0x0040A480,32
mk_ctor_0040a838,0x0040A838,0x0040A858,32
mk_ctor_0040e200,0x0040E200,0x0040E228,40
mk_ctor_0040f9c0,0x0040F9C0,0x0040F9E8,40
mk_ctor_00410e20,0x00410E20,0x00410E48,40
mk_cri_callback,0x00421B78,0x00421B90,24
mk_cri_00421cd8,0x00421CD8,0x00421D30,88
mk_cri_00421d30,0x00421D30,0x00421D48,24
mk_cri_00421e50,0x00421E50,0x00421EF0,160
mk_cri_00421ef0,0x00421EF0,0x00421F38,72
mk_cri_00421f38,0x00421F38,0x00421FF8,192
mk_cri_00421ff8,0x00421FF8,0x00422030,56
mk_cri_00422030,0x00422030,0x004221B8,392
mk_cri_00422208,0x00422208,0x00422240,56
mk_cri_00422240,0x00422240,0x00422278,56
mk_cri_00422278,0x00422278,0x004222F8,128
mk_cri_00422338,0x00422338,0x004223B8,128
mk_cri_0041efe8,0x0041EFE8,0x0041F018,48
mk_cri_0041f1e0,0x0041F1E0,0x0041F270,144
mk_cri_0041f270,0x0041F270,0x0041F2F8,136
mk_cri_0041f2f8,0x0041F2F8,0x0041F410,280
mk_cri_0041f410,0x0041F410,0x0041F588,376
mk_cri_0041f588,0x0041F588,0x0041F5E0,88
mk_cri_0041f5e0,0x0041F5E0,0x0041F678,152
mk_cri_0041f678,0x0041F678,0x0041F6B0,56
mk_cri_0041f6b0,0x0041F6B0,0x0041F858,424
mk_cri_0041f978,0x0041F978,0x0041F980,8
mk_cri_0041f980,0x0041F980,0x0041F9D0,80
mk_cri_0041fad8,0x0041FAD8,0x0041FBA0,200
mk_cri_00414388,0x00414388,0x00414410,136
mk_cri_00414480,0x00414480,0x00414568,232
mk_cri_00414410,0x00414410,0x00414480,112
mk_cri_00414568,0x00414568,0x00414590,40
mk_cri_error_forward,0x00418658,0x00418670,24
mk_cri_00413fb8,0x00413FB8,0x00413FD0,24
mk_cri_00413fd0,0x00413FD0,0x00413FE8,24
mk_cri_00413fe8,0x00413FE8,0x00414008,32
mk_cri_00414008,0x00414008,0x00414028,32
mk_cri_00414028,0x00414028,0x00414048,32
mk_cri_idle_callback,0x0042E7E8,0x0042E7F0,8
mk_worker_004145a8,0x004145A8,0x00414600,88
mk_worker_00414600,0x00414600,0x00414708,264
mk_worker_00414708,0x00414708,0x004147F8,240
mk_worker_004147f8,0x004147F8,0x00414930,312
mk_cri_server,0x0042E7C0,0x0042E7E8,40
mk_cri_commands,0x00422C10,0x00422F80,880
mk_cri_callback_429c80,0x00429C80,0x00429CC8,72
mk_debug_SelectFreeCam,0x1aa558,0x1aa5b8,96
mk_debug_SelectFreezeCam,0x1aa5b8,0x1aa62c,116
mk_debug_GodModeToggle,0x1aaad8,0x1aab40,104
mk_debug_SetGodModeText,0x1aae10,0x1aae7c,108
mk_debug_DebugMenuSetup,0x1aae80,0x1aafa4,292
mk_debug_DebugMenuUpdate,0x1a88d8,0x1a8a60,392
mk_file_GetAsyncFileSize,0x211878,0x211b38,704
mk_cri_vtable_004338f8,0x4338f8,0x433980,136
mk_cri_vtable_00433980,0x433980,0x4339b8,56
mk_cri_vtable_004339b8,0x4339b8,0x4339d0,24
mk_cri_vtable_004339d0,0x4339d0,0x4339e8,24
mk_cri_vtable_004339e8,0x4339e8,0x433a00,24
mk_cri_vtable_00433a00,0x433a00,0x433a18,24
mk_cri_vtable_00433a18,0x433a18,0x433a30,24
mk_cri_vtable_00433a30,0x433a30,0x433a48,24
mk_cri_vtable_00433a48,0x433a48,0x433a60,24
mk_cri_vtable_00433a60,0x433a60,0x433ad0,112
mk_cri_vtable_00433ad0,0x433ad0,0x433af8,40
mk_cri_vtable_00433af8,0x433af8,0x433b10,24
mk_cri_vtable_00433b10,0x433b10,0x433b40,48
mk_cri_vtable_00433b40,0x433b40,0x433b70,48
mk_cri_vtable_00433b70,0x433b70,0x433b88,24
mk_cri_vtable_00433b88,0x433b88,0x433b90,8
mk_cri_callback_004225c0,0x4225c0,0x422630,112
mk_ewdf_00466690,0x466690,0x004667F4,356
mk_ewdf_004667f8,0x4667f8,0x0046724C,2644
mk_load_callback_002f6000,0x2f6000,0x002F6070,112
mk_load_callback_002f4ba8,0x2f4ba8,0x2f4d00,344
mk_load_callback_0021fc30,0x21fc30,0x21fc50,32
mk_load_callback_0031b6a8,0x31b6a8,0x31b7e0,312
mk_load_callback_003191f0,0x3191f0,0x319388,408
mk_recovered_0026d700,0x26d700,0x26d770,112
mk_recovered_0026d998,0x26d998,0x26da30,152
mk_recovered_0026d890,0x26d890,0x26d938,168
mk_recovered_0026b548,0x26b548,0x26b868,800
mk_recovered_0026dd80,0x26dd80,0x26dd8c,12
mk_recovered_0026d7c0,0x26d7c0,0x26d88c,204
mk_recovered_0026d770,0x26d770,0x26d7c0,80
mk_recovered_0026da30,0x26da30,0x26dae4,180
mk_recovered_00131ea0,0x131ea0,0x132098,504
mk_recovered_00132098,0x132098,0x13222c,404
mk_recovered_0013af10,0x13af10,0x13af44,52
mk_recovered_001a3a50,0x1a3a50,0x1a3a7c,44
mk_recovered_001a3a80,0x1a3a80,0x1a3aa4,36
mk_recovered_001a3aa8,0x1a3aa8,0x1a3acc,36
mk_recovered_001ce0e8,0x1ce0e8,0x1ce380,664
mk_recovered_001ce380,0x1ce380,0x1ce5b4,564
mk_recovered_001ceb90,0x1ceb90,0x1cecc4,308
mk_recovered_001cfaf8,0x1cfaf8,0x1cfcc8,464
mk_recovered_001cfcc8,0x1cfcc8,0x1cfe40,376
mk_recovered_001d02f0,0x1d02f0,0x1d035c,108
mk_recovered_001d0360,0x1d0360,0x1d0410,176
mk_recovered_001d0410,0x1d0410,0x1d04d8,200
mk_recovered_001d04d8,0x1d04d8,0x1d056c,148
mk_recovered_001d0688,0x1d0688,0x1d0730,168
mk_recovered_001d08e8,0x1d08e8,0x1d0994,172
mk_recovered_001d0c40,0x1d0c40,0x1d0ccc,140
mk_recovered_001d0d50,0x1d0d50,0x1d0df4,164
mk_recovered_001d0e88,0x1d0e88,0x1d0eec,100
mk_recovered_001d0ef0,0x1d0ef0,0x1d0f54,100
mk_recovered_001d0f58,0x1d0f58,0x1d0f8c,52
mk_recovered_001d0f90,0x1d0f90,0x1d0fd4,68
mk_recovered_001d1068,0x1d1068,0x1d1148,224
mk_recovered_001d11f8,0x1d11f8,0x1d1358,352
mk_recovered_001d16e8,0x1d16e8,0x1d1718,48
mk_recovered_001d1718,0x1d1718,0x1d1748,48
mk_recovered_001d1748,0x1d1748,0x1d17a8,96
mk_recovered_001e1ff0,0x1e1ff0,0x1e22c0,720
mk_recovered_001e4dc8,0x1e4dc8,0x1e4e64,156
mk_recovered_001e4e68,0x1e4e68,0x1e4ed0,104
mk_recovered_001e56a8,0x1e56a8,0x1e5760,184
mk_recovered_001e5760,0x1e5760,0x1e5854,244
mk_recovered_001e5858,0x1e5858,0x1e5894,60
mk_recovered_002afda8,0x2afda8,0x2afdbc,20
mk_recovered_002b1a50,0x2b1a50,0x2b1c7c,556
mk_recovered_002b2458,0x2b2458,0x2b24c8,112
mk_recovered_002b2618,0x2b2618,0x2b2650,56
mk_recovered_002b29e8,0x2b29e8,0x2b2a14,44
mk_recovered_002d46a0,0x2d46a0,0x2d4710,112
mk_recovered_002f8538,0x2f8538,0x2f85fc,196
mk_recovered_002fae30,0x2fae30,0x2faebc,140
mk_recovered_003100b0,0x3100b0,0x310174,196
mk_recovered_00319388,0x319388,0x3195f4,620
mk_recovered_0031bc50,0x31bc50,0x31bcd0,128
mk_recovered_0031bd18,0x31bd18,0x31bd7c,100
mk_recovered_0034e5d8,0x34e5d8,0x34e5f0,24
mk_recovered_0035eac0,0x35eac0,0x35eb58,152
mk_recovered_0035f440,0x35f440,0x35fc20,2016
mk_recovered_00373270,0x373270,0x37368c,1052
mk_recovered_00382568,0x382568,0x3826d8,368
mk_recovered_003826d8,0x3826d8,0x38277c,164
mk_recovered_002e0270,0x2e0270,0x2e0330,192
mk_recovered_002e0330,0x2e0330,0x2e03d8,168
mk_recovered_001416f8,0x1416f8,0x1417d8,224
mk_recovered_00142538,0x142538,0x142564,44
mk_recovered_00142568,0x142568,0x142594,44
mk_recovered_001d32e0,0x1d32e0,0x1d342c,332
mk_recovered_001d3430,0x1d3430,0x1d3590,352
mk_recovered_001d3b40,0x1d3b40,0x1d4044,1284
mk_recovered_001d4048,0x1d4048,0x1d4564,1308
mk_recovered_001d4568,0x1d4568,0x1d4660,248
mk_recovered_001d4800,0x1d4800,0x1d501c,2076
mk_recovered_001db940,0x1db940,0x1db964,36
mk_recovered_001db968,0x1db968,0x1db9a8,64
mk_recovered_001db9a8,0x1db9a8,0x1db9cc,36
mk_recovered_001db9d0,0x1db9d0,0x1db9f4,36
mk_recovered_001db9f8,0x1db9f8,0x1dba44,76
mk_recovered_001dba48,0x1dba48,0x1dbb10,200
mk_recovered_001dbb10,0x1dbb10,0x1dbbac,156
mk_recovered_001dbbb0,0x1dbbb0,0x1dbc20,112
mk_recovered_001dbc20,0x1dbc20,0x1dbcc4,164
mk_recovered_001dbcc8,0x1dbcc8,0x1dbcd4,12
mk_recovered_001dbda0,0x1dbda0,0x1dbdac,12
mk_recovered_001dbdb0,0x1dbdb0,0x1dbdbc,12
mk_recovered_001dbf80,0x1dbf80,0x1dbf98,24
mk_recovered_001dbf98,0x1dbf98,0x1dbfa4,12
mk_recovered_001dbfa8,0x1dbfa8,0x1dbfb4,12
mk_recovered_001dc078,0x1dc078,0x1dc134,188
mk_recovered_001dc138,0x1dc138,0x1dc168,48
mk_recovered_001dc268,0x1dc268,0x1dc294,44
mk_recovered_001dcc38,0x1dcc38,0x1dcc80,72
mk_recovered_001dcc80,0x1dcc80,0x1dcc8c,12
mk_recovered_001dcc90,0x1dcc90,0x1dcc9c,12
mk_recovered_00424578,0x424578,0x4245a4,44
mk_recovered_00424630,0x424630,0x424668,56
mk_recovered_00424770,0x424770,0x42479c,44
mk_recovered_00424850,0x424850,0x4248ac,92
mk_recovered_00424a80,0x424a80,0x424acc,76
mk_recovered_00424990,0x424990,0x4249dc,76
mk_recovered_00424808,0x424808,0x424850,72
mk_recovered_00424bd0,0x424bd0,0x424c38,104
mk_recovered_004246c0,0x4246c0,0x42470c,76
mk_recovered_00440138,0x440138,0x440174,60
mk_recovered_00440178,0x440178,0x4401a0,40
mk_recovered_00440230,0x440230,0x4402e4,180
mk_recovered_00441060,0x441060,0x4411b4,340
mk_recovered_00441598,0x441598,0x441670,216
mk_recovered_004416a0,0x4416a0,0x4416a8,8
mk_recovered_004416a8,0x4416a8,0x4416c8,32
mk_recovered_004416c8,0x4416c8,0x4416ec,36
mk_recovered_004416f0,0x4416f0,0x4417e0,240
mk_recovered_00441908,0x441908,0x441924,28
mk_recovered_00441928,0x441928,0x441944,28
mk_recovered_00441948,0x441948,0x441964,28
mk_recovered_00441968,0x441968,0x441984,28
mk_recovered_00441988,0x441988,0x441a14,140
mk_recovered_00441b28,0x441b28,0x441b30,8
mk_recovered_00441b30,0x441b30,0x441b38,8
mk_recovered_00441b38,0x441b38,0x441b78,64
mk_recovered_00441c88,0x441c88,0x441cc8,64
mk_recovered_00441cd0,0x441cd0,0x441cd8,8
mk_recovered_00441cd8,0x441cd8,0x441d20,72
mk_recovered_00441d20,0x441d20,0x441d68,72
mk_recovered_00441d68,0x441d68,0x441db0,72
mk_recovered_00441db0,0x441db0,0x441e04,84
mk_recovered_00441e08,0x441e08,0x441e24,28
mk_recovered_00441e28,0x441e28,0x441e44,28
mk_recovered_00441e48,0x441e48,0x441e64,28
mk_recovered_00441e68,0x441e68,0x441e84,28
mk_recovered_00441e88,0x441e88,0x441e90,8
mk_recovered_00444370,0x444370,0x444378,8
mk_recovered_00444378,0x444378,0x444380,8
mk_recovered_00444380,0x444380,0x4443a4,36
mk_recovered_004443a8,0x4443a8,0x4443b0,8
mk_recovered_004443b0,0x4443b0,0x4443b8,8
mk_recovered_004443b8,0x4443b8,0x4443c0,8
mk_recovered_004443c0,0x4443c0,0x4443c8,8
mk_recovered_004443c8,0x4443c8,0x4443d0,8
mk_recovered_004443d0,0x4443d0,0x4443d8,8
mk_recovered_004443d8,0x4443d8,0x4443f4,28
mk_recovered_004443f8,0x4443f8,0x44441c,36
mk_recovered_00444420,0x444420,0x44443c,28
mk_recovered_00444440,0x444440,0x44445c,28
mk_recovered_00444460,0x444460,0x444468,8
mk_recovered_00444518,0x444518,0x444588,112
mk_recovered_00444590,0x444590,0x4445b0,32
mk_recovered_004445b0,0x4445b0,0x44463c,140
mk_recovered_00446038,0x446038,0x4460fc,196
mk_recovered_004461a0,0x4461a0,0x4461f0,80
mk_recovered_00446208,0x446208,0x446210,8
mk_recovered_00446210,0x446210,0x446218,8
mk_recovered_00446218,0x446218,0x446220,8
mk_recovered_00446220,0x446220,0x446228,8
mk_recovered_00446228,0x446228,0x446244,28
mk_recovered_00446248,0x446248,0x446264,28
mk_recovered_00446268,0x446268,0x446284,28
mk_recovered_00446288,0x446288,0x4462a4,28
mk_recovered_004462a8,0x4462a8,0x44634c,164
mk_recovered_00446878,0x446878,0x446954,220
mk_recovered_00446960,0x446960,0x446980,32
mk_recovered_00446980,0x446980,0x446a2c,172
mk_recovered_0044a8d0,0x44a8d0,0x44aa2c,348
mk_recovered_0044ae58,0x44ae58,0x44afe4,396
mk_recovered_0044b000,0x44b000,0x44b008,8
mk_recovered_0044b008,0x44b008,0x44b010,8
mk_recovered_0044b010,0x44b010,0x44b018,8
mk_recovered_0044b018,0x44b018,0x44b020,8
mk_recovered_0044b020,0x44b020,0x44b03c,28
mk_recovered_0044b040,0x44b040,0x44b05c,28
mk_recovered_0044b060,0x44b060,0x44b120,192
mk_recovered_0044b328,0x44b328,0x44b388,96
mk_recovered_0044b4b8,0x44b4b8,0x44b528,112
mk_recovered_00453318,0x453318,0x453320,8
mk_recovered_00453320,0x453320,0x453328,8
mk_recovered_00453328,0x453328,0x45336c,68
mk_recovered_00453488,0x453488,0x4534b8,48
mk_recovered_00453570,0x453570,0x453578,8
mk_recovered_00453578,0x453578,0x453580,8
mk_recovered_00453580,0x453580,0x453588,8
mk_recovered_00453588,0x453588,0x453590,8
mk_recovered_00453590,0x453590,0x453598,8
mk_recovered_00453598,0x453598,0x4535b4,28
mk_recovered_004535b8,0x4535b8,0x4535d4,28
mk_recovered_004535d8,0x4535d8,0x4535f4,28
mk_recovered_004535f8,0x4535f8,0x453614,28
mk_recovered_00453618,0x453618,0x453620,8
mk_recovered_00453620,0x453620,0x453628,8
mk_recovered_00453628,0x453628,0x453630,8
mk_recovered_00453630,0x453630,0x453688,88
mk_recovered_004537e0,0x4537e0,0x4537e8,8
mk_recovered_004537e8,0x4537e8,0x4537f0,8
mk_recovered_004537f0,0x4537f0,0x4537f8,8
mk_recovered_004537f8,0x4537f8,0x453800,8
mk_recovered_00453800,0x453800,0x453808,8
mk_recovered_00453808,0x453808,0x453810,8
mk_recovered_00453810,0x453810,0x45382c,28
mk_recovered_00453830,0x453830,0x45384c,28
mk_recovered_00453850,0x453850,0x453894,68
mk_recovered_00453898,0x453898,0x4538bc,36
mk_recovered_004538c0,0x4538c0,0x4538c8,8
mk_recovered_00384600,0x384600,0x38467c,124
mk_recovered_00384158,0x384158,0x3841c8,112
mk_recovered_003841d0,0x3841d0,0x3841f8,40
mk_recovered_0045cf08,0x45cf08,0x45cf3c,52
mk_recovered_0045cc18,0x45cc18,0x45cc24,12
mk_recovered_0045cc28,0x45cc28,0x45ccd8,176
mk_recovered_0045ccd8,0x45ccd8,0x45cdac,212
mk_recovered_0045cf00,0x45cf00,0x45cf08,8
mk_recovered_0045d050,0x45d050,0x45d0a0,80
mk_recovered_0045d0a0,0x45d0a0,0x45d0a8,8
mk_recovered_0045d0a8,0x45d0a8,0x45d158,176
mk_recovered_0045d320,0x45d320,0x45d390,112
mk_recovered_0045d390,0x45d390,0x45d40c,124
mk_recovered_0045d498,0x45d498,0x45d550,184
mk_recovered_0045d550,0x45d550,0x45d558,8
mk_recovered_0045d558,0x45d558,0x45d658,256
mk_recovered_0045d658,0x45d658,0x45d6b4,92
mk_recovered_0045d6b8,0x45d6b8,0x45d748,144
mk_recovered_0045d748,0x45d748,0x45d7c0,120
mk_recovered_0045d878,0x45d878,0x45d89c,36
mk_recovered_0045d8a0,0x45d8a0,0x45d8b0,16
mk_recovered_0045d8b0,0x45d8b0,0x45d8d8,40
mk_recovered_0045d8d8,0x45d8d8,0x45d954,124
mk_recovered_0043ffa8,0x43ffa8,0x43ffc4,28
mk_recovered_0043ffc8,0x43ffc8,0x43ffe4,28
mk_recovered_0043ffe8,0x43ffe8,0x440004,28
mk_recovered_00440008,0x440008,0x440024,28
mk_recovered_00440028,0x440028,0x4400e0,184
mk_recovered_0043f920,0x43f920,0x43f964,68
mk_recovered_0043f270,0x43f270,0x43f284,20
mk_recovered_0043f8c0,0x43f8c0,0x43f8d4,20
mk_recovered_0043f8d8,0x43f8d8,0x43f91c,68
mk_recovered_00272b50,0x272b50,0x272b9c,76
mk_recovered_00441430,0x441430,0x4414ec,188
mk_recovered_004510a8,0x4510a8,0x4510c8,32
mk_recovered_004510c8,0x4510c8,0x4511c0,248
mk_recovered_00451000,0x451000,0x451048,72
mk_recovered_00451048,0x451048,0x4510a4,92
mk_recovered_0043f288,0x43f288,0x43f29c,20
mk_recovered_00382f40,0x382f40,0x3832b4,884
mk_recovered_003832b8,0x3832b8,0x383374,188
mk_recovered_004452d8,0x4452d8,0x445374,156
mk_recovered_0043c948,0x43c948,0x43ca8c,324
mk_recovered_00453fb8,0x453fb8,0x454004,76
mk_recovered_00454008,0x454008,0x454058,80
mk_recovered_00454058,0x454058,0x4540a4,76
mk_recovered_004540a8,0x4540a8,0x4540f4,76
mk_recovered_004541e0,0x4541e0,0x45422c,76
mk_recovered_00454230,0x454230,0x45427c,76
mk_recovered_00454280,0x454280,0x4542cc,76
mk_recovered_004542d0,0x4542d0,0x45431c,76
mk_recovered_00454388,0x454388,0x4543d4,76
mk_recovered_004543d8,0x4543d8,0x454424,76
mk_recovered_004544f0,0x4544f0,0x454560,112
mk_recovered_00454560,0x454560,0x4545e0,128
mk_recovered_004545e0,0x4545e0,0x45464c,108
mk_recovered_00454650,0x454650,0x4546bc,108
mk_recovered_004546c0,0x4546c0,0x454730,112
mk_recovered_00454730,0x454730,0x4547a4,116
mk_recovered_00454858,0x454858,0x4548c8,112
mk_recovered_004548c8,0x4548c8,0x454938,112
mk_recovered_00454938,0x454938,0x4549a8,112
mk_recovered_004549a8,0x4549a8,0x454a18,112
mk_recovered_00454a18,0x454a18,0x454a8c,116
mk_recovered_00454a90,0x454a90,0x454afc,108
mk_recovered_00454b00,0x454b00,0x454b84,132
mk_recovered_00454b88,0x454b88,0x454c0c,132
mk_recovered_004515f8,0x4515f8,0x451630,56
mk_recovered_00467d48,0x467d48,0x467f80,568
mk_recovered_00468950,0x468950,0x4689cc,124
mk_recovered_00468b90,0x468b90,0x468be4,84
mk_recovered_00467c78,0x467c78,0x467d44,204
mk_recovered_00468ce0,0x468ce0,0x468cf4,20
mk_recovered_00468d18,0x468d18,0x468d84,108
mk_recovered_00468cf8,0x468cf8,0x468d04,12
mk_recovered_00467f80,0x467f80,0x468048,200
mk_recovered_0046f450,0x46f450,0x46f4b8,104
mk_recovered_00425ea8,0x425ea8,0x425ef0,72
mk_recovered_0042a900,0x42a900,0x42a91c,28
mk_recovered_00422bb0,0x422bb0,0x422c0c,92
mk_recovered_00384c60,0x384c60,0x384d04,164
mk_recovered_00384d30,0x384d30,0x384d54,36
mk_recovered_003850d8,0x3850d8,0x385130,88
mk_recovered_00385178,0x385178,0x38521c,164
mk_recovered_00385360,0x385360,0x385390,48
mk_recovered_001e63a0,0x1e63a0,0x1e63c0,32
mk_recovered_00377918,0x377918,0x377920,8
mk_recovered_00377920,0x377920,0x377928,8
mk_recovered_00422630,0x422630,0x422648,24
mk_recovered_00422668,0x422668,0x422680,24
mk_recovered_00422648,0x422648,0x422668,32
mk_recovered_00422680,0x422680,0x422698,24
mk_recovered_00131640,0x131640,0x1316cc,140
mk_recovered_001306d8,0x1306d8,0x130f94,2236
mk_recovered_00131008,0x131008,0x131028,32
mk_recovered_00131028,0x131028,0x131050,40
mk_recovered_00131130,0x131130,0x13116c,60
mk_recovered_00377be0,0x377be0,0x377ca4,196
mk_recovered_00131050,0x131050,0x1310f0,160
mk_recovered_0012fe18,0x12fe18,0x12fefc,228
mk_recovered_00130498,0x130498,0x1305b0,280
mk_recovered_0012fff8,0x12fff8,0x130138,320
mk_recovered_00130138,0x130138,0x130498,864
mk_recovered_0013ec68,0x13ec68,0x13ecb8,80
mk_recovered_0013ec00,0x13ec00,0x13ec20,32
mk_recovered_0013ee88,0x13ee88,0x13eee4,92
mk_recovered_0013cd80,0x13cd80,0x13e03c,4796
mk_recovered_0013bcc0,0x13bcc0,0x13cd7c,4284
mk_recovered_00139ff8,0x139ff8,0x13a018,32
mk_recovered_0013a058,0x13a058,0x13a078,32
mk_recovered_0013a400,0x13a400,0x13a430,48
mk_recovered_00135550,0x135550,0x135c70,1824
mk_recovered_00135310,0x135310,0x135550,576
mk_recovered_00139ef8,0x139ef8,0x139f48,80
mk_recovered_00139fc8,0x139fc8,0x139ff8,48
mk_recovered_0013a3d0,0x13a3d0,0x13a400,48
mk_recovered_00134840,0x134840,0x135310,2768
mk_recovered_0013ecb8,0x13ecb8,0x13ecd8,32
mk_recovered_0013ed60,0x13ed60,0x13eda4,68
mk_recovered_0013f008,0x13f008,0x13f040,56
mk_recovered_0013e2b0,0x13e2b0,0x13e9ec,1852
mk_recovered_0013e190,0x13e190,0x13e2ac,284
mk_recovered_0012e9c0,0x12e9c0,0x12ec24,612
mk_recovered_0012ec28,0x12ec28,0x12f750,2856
mk_recovered_0012f750,0x12f750,0x12f9f4,676
mk_recovered_0012fa70,0x12fa70,0x12fa90,32
mk_recovered_0012fa90,0x12fa90,0x12fab8,40
mk_recovered_0012fcb8,0x12fcb8,0x12fcfc,68
mk_recovered_00135f90,0x135f90,0x136564,1492
mk_recovered_00136568,0x136568,0x1374b8,3920
mk_recovered_001376e0,0x1376e0,0x137814,308
mk_recovered_00137818,0x137818,0x137b4c,820
mk_recovered_00137b50,0x137b50,0x1382f0,1952
mk_recovered_001382f0,0x1382f0,0x1390f8,3592
mk_recovered_0013a078,0x13a078,0x13a098,32
mk_recovered_0013a0d8,0x13a0d8,0x13a11c,68
mk_recovered_0013a158,0x13a158,0x13a1a8,80
mk_recovered_0013a1a8,0x13a1a8,0x13a1fc,84
mk_recovered_0013a4b8,0x13a4b8,0x13a50c,84
mk_recovered_0013a510,0x13a510,0x13a5c8,184
mk_recovered_00383750,0x383750,0x3839e8,664
mk_recovered_003839e8,0x3839e8,0x383a44,92
mk_recovered_00383378,0x383378,0x38355c,484
mk_recovered_00383560,0x383560,0x383664,260
mk_recovered_00384090,0x384090,0x384158,200
mk_recovered_004688a0,0x4688a0,0x4688a8,8
mk_recovered_0038be20,0x38be20,0x38be28,8
mk_recovered_00284c98,0x284c98,0x284e60,456
mk_recovered_001f7368,0x1f7368,0x1f7378,16
mk_recovered_0011eb90,0x11eb90,0x11ebc4,52
mk_recovered_00119f88,0x119f88,0x119f90,8
mk_recovered_00475998,0x475998,0x4759a0,8
mk_recovered_001c0d98,0x1c0d98,0x1c0e24,140
mk_recovered_001c0d78,0x1c0d78,0x1c0d98,32
mk_recovered_001c0e28,0x1c0e28,0x1c0e64,60
mk_recovered_001c0e68,0x1c0e68,0x1c0e8c,36
mk_recovered_00362698,0x362698,0x3626c0,40
mk_recovered_003626c0,0x3626c0,0x3626f4,52
mk_recovered_00260580,0x260580,0x260620,160
mk_recovered_001cbcb0,0x1cbcb0,0x1cbcf8,72
mk_recovered_00267cc0,0x267cc0,0x267cfc,60
mk_recovered_003a4838,0x3a4838,0x3a4840,8
mk_recovered_003a48d8,0x3a48d8,0x3a493c,100
mk_recovered_003a45f8,0x3a45f8,0x3a4800,520
mk_recovered_003a4940,0x3a4940,0x3a495c,28
mk_recovered_003a4960,0x3a4960,0x3a49c4,100
mk_recovered_003a4840,0x3a4840,0x3a48c4,132
mk_recovered_003a48c8,0x3a48c8,0x3a48d4,12
mk_recovered_00412130,0x412130,0x412138,8
mk_recovered_003a2cc0,0x3a2cc0,0x3a2ce8,40
mk_recovered_003a2c08,0x3a2c08,0x3a2cbc,180
mk_recovered_0039f9e0,0x39f9e0,0x3a0534,2900
mk_recovered_00202178,0x202178,0x202180,8
mk_recovered_0038a608,0x38a608,0x38a610,8
mk_recovered_0038bd48,0x38bd48,0x38bd5c,20
mk_recovered_0038bd60,0x38bd60,0x38bd74,20
mk_recovered_0038bd78,0x38bd78,0x38bd80,8
mk_recovered_0038bd80,0x38bd80,0x38bd88,8
mk_recovered_0038bd88,0x38bd88,0x38bd9c,20
mk_recovered_0038bda0,0x38bda0,0x38bdb4,20
mk_recovered_0038bdb8,0x38bdb8,0x38bdc0,8
mk_recovered_0038bdc0,0x38bdc0,0x38bdc8,8
mk_recovered_0038bdc8,0x38bdc8,0x38bdd0,8
mk_recovered_0038bdd0,0x38bdd0,0x38bdd8,8
mk_recovered_0038bdd8,0x38bdd8,0x38bde0,8
mk_recovered_0038bde0,0x38bde0,0x38be18,56
mk_recovered_0038be18,0x38be18,0x38be20,8
mk_recovered_0038be28,0x38be28,0x38be30,8
mk_recovered_0038be30,0x38be30,0x38be38,8
mk_recovered_0038be38,0x38be38,0x38be40,8
mk_recovered_0038be40,0x38be40,0x38be48,8
mk_recovered_0038be48,0x38be48,0x38be7c,52
mk_recovered_0038be80,0x38be80,0x38bec8,72
mk_recovered_0038d738,0x38d738,0x38d740,8
mk_recovered_0038d740,0x38d740,0x38d944,516
mk_recovered_0038d948,0x38d948,0x38d950,8
mk_recovered_0038dd70,0x38dd70,0x38dd7c,12
mk_recovered_00398170,0x398170,0x39817c,12
mk_recovered_00398240,0x398240,0x39824c,12
mk_recovered_00398838,0x398838,0x3988a4,108
mk_recovered_003988a8,0x3988a8,0x3988dc,52
mk_recovered_003988e8,0x3988e8,0x3988f0,8
mk_recovered_003988f0,0x3988f0,0x3988f8,8
mk_recovered_003988f8,0x3988f8,0x398900,8
mk_recovered_00398900,0x398900,0x398908,8
mk_recovered_00398a20,0x398a20,0x398a28,8
mk_recovered_00398a28,0x398a28,0x398a30,8
mk_recovered_003993b8,0x3993b8,0x3993c4,12
mk_recovered_0039ceb0,0x39ceb0,0x39ceb8,8
mk_recovered_0039ceb8,0x39ceb8,0x39cec0,8
mk_recovered_003a44c8,0x3a44c8,0x3a44d4,12
mk_recovered_003a5030,0x3a5030,0x3a54c8,1176
mk_recovered_003a55f0,0x3a55f0,0x3a5654,100
mk_recovered_003a5658,0x3a5658,0x3a5664,12
mk_recovered_003a5668,0x3a5668,0x3a5670,8
mk_recovered_003a5670,0x3a5670,0x3a5688,24
mk_recovered_003a5688,0x3a5688,0x3a5690,8
mk_recovered_003a5690,0x3a5690,0x3a5754,196
mk_recovered_003a5760,0x3a5760,0x3a5768,8
mk_recovered_003a5b38,0x3a5b38,0x3a5b44,12
mk_recovered_0024c7b0,0x24c7b0,0x24c7f8,72
mk_recovered_0024cf58,0x24cf58,0x24cff4,156
mk_recovered_00281210,0x281210,0x2812ac,156
mk_recovered_002b5e98,0x2b5e98,0x2b5eb8,32
mk_recovered_003e17d8,0x3e17d8,0x3e17e8,16
mk_recovered_00409090,0x409090,0x4090a8,24
mk_recovered_00409048,0x409048,0x409074,44
mk_recovered_00409078,0x409078,0x409090,24
mk_recovered_0011eb60,0x11eb60,0x11eb6c,12
mk_recovered_0011eb70,0x11eb70,0x11eb90,32
mk_recovered_0011eea8,0x11eea8,0x11efe0,312
mk_recovered_0011efe0,0x11efe0,0x11f068,136
mk_recovered_0011f068,0x11f068,0x11f130,200
mk_recovered_0024e680,0x24e680,0x24e7b8,312
mk_recovered_001ab9b0,0x1ab9b0,0x1aba5c,172
mk_recovered_001aba60,0x1aba60,0x1abad8,120
mk_recovered_001abad8,0x1abad8,0x1abb28,80
mk_recovered_001816a8,0x1816a8,0x181820,376
mk_recovered_00183380,0x183380,0x183600,640
mk_recovered_0018ca70,0x18ca70,0x18ca98,40
mk_recovered_0018cac0,0x18cac0,0x18cae8,40
mk_recovered_0018ca98,0x18ca98,0x18cac0,40
mk_recovered_0018cae8,0x18cae8,0x18cb10,40
mk_recovered_0018cb10,0x18cb10,0x18cb38,40
mk_recovered_0018cb38,0x18cb38,0x18cb60,40
mk_recovered_0018cb60,0x18cb60,0x18cb88,40
mk_recovered_0018eb68,0x18eb68,0x18ec54,236
mk_recovered_001867d0,0x1867d0,0x186dc8,1528
mk_recovered_0018f3b8,0x18f3b8,0x18f41c,100
mk_recovered_0017c968,0x17c968,0x17c9cc,100
mk_recovered_0018ec58,0x18ec58,0x18ed30,216
mk_recovered_00188330,0x188330,0x1888a8,1400
mk_recovered_0018f420,0x18f420,0x18f484,100
mk_recovered_0018ac50,0x18ac50,0x18ae78,552
mk_recovered_0018f5d0,0x18f5d0,0x18f608,56
mk_recovered_0018f608,0x18f608,0x18f640,56
mk_recovered_00186dc8,0x186dc8,0x187004,572
mk_recovered_001888a8,0x1888a8,0x188f90,1768
mk_recovered_0018f488,0x18f488,0x18f544,188
mk_recovered_0018f548,0x18f548,0x18f5cc,132
mk_recovered_0018f640,0x18f640,0x18f6e0,160
mk_recovered_0018f780,0x18f780,0x18f820,160
mk_recovered_0018f6e0,0x18f6e0,0x18f780,160
mk_recovered_0018f820,0x18f820,0x18f8c0,160
mk_recovered_0017c9d0,0x17c9d0,0x17ca34,100
mk_recovered_0017ca38,0x17ca38,0x17ca9c,100
mk_recovered_00187348,0x187348,0x1878d4,1420
mk_recovered_001878d8,0x1878d8,0x187ef4,1564
mk_recovered_00188f90,0x188f90,0x189434,1188
mk_recovered_0018b2e0,0x18b2e0,0x18b418,312
mk_recovered_0018b418,0x18b418,0x18b550,312
mk_recovered_00189438,0x189438,0x189988,1360
mk_recovered_0017caa0,0x17caa0,0x17cb04,100
mk_recovered_0017cb08,0x17cb08,0x17cb6c,100
mk_recovered_00189af8,0x189af8,0x18a084,1420
mk_recovered_0018a088,0x18a088,0x18a638,1456
mk_recovered_0018a638,0x18a638,0x18ac50,1560
mk_recovered_001796d0,0x1796d0,0x179918,584
mk_recovered_00179918,0x179918,0x179b60,584
mk_recovered_00181fd0,0x181fd0,0x182094,196
mk_recovered_00181538,0x181538,0x1816a8,368
mk_recovered_00182098,0x182098,0x1820bc,36
mk_recovered_001820c0,0x1820c0,0x1820e4,36
mk_recovered_00179088,0x179088,0x1796cc,1604
mk_recovered_0017c2b8,0x17c2b8,0x17c398,224
mk_recovered_0017c398,0x17c398,0x17c478,224
mk_recovered_0018c4a8,0x18c4a8,0x18c800,856
mk_recovered_0018f8c0,0x18f8c0,0x18f918,88
mk_recovered_00180bb0,0x180bb0,0x180fc8,1048
mk_recovered_002f7b50,0x2f7b50,0x2f7c38,232
mk_recovered_002f7500,0x2f7500,0x2f7688,392
mk_recovered_003230c0,0x3230c0,0x3231d0,272
mk_recovered_00103fb0,0x103fb0,0x103fbc,12
mk_recovered_00103fc0,0x103fc0,0x103fc8,8
mk_recovered_00103fc8,0x103fc8,0x103fd0,8
mk_recovered_0011f228,0x11f228,0x11f370,328
mk_recovered_00182ea0,0x182ea0,0x182f34,148
mk_recovered_00182f38,0x182f38,0x182fc0,136
mk_recovered_001c06d8,0x1c06d8,0x1c0804,300
mk_recovered_001c0ad8,0x1c0ad8,0x1c0b18,64
mk_recovered_001c0b18,0x1c0b18,0x1c0bb4,156
mk_recovered_001c57c8,0x1c57c8,0x1c57d4,12
mk_recovered_001c57d8,0x1c57d8,0x1c5800,40
mk_recovered_001c5800,0x1c5800,0x1c5848,72
mk_recovered_001c5848,0x1c5848,0x1c5888,64
mk_recovered_001c5888,0x1c5888,0x1c5908,128
mk_recovered_001c5a20,0x1c5a20,0x1c5a88,104
mk_recovered_001c5ae0,0x1c5ae0,0x1c5bac,204
mk_recovered_001d1e90,0x1d1e90,0x1d1ed4,68
mk_recovered_001d1ed8,0x1d1ed8,0x1d1f3c,100
mk_recovered_001d1f40,0x1d1f40,0x1d1f68,40
mk_recovered_001d1f68,0x1d1f68,0x1d1f88,32
mk_recovered_001d1f88,0x1d1f88,0x1d1fa8,32
mk_recovered_001d1fa8,0x1d1fa8,0x1d2048,160
mk_recovered_001d2048,0x1d2048,0x1d2288,576
mk_recovered_001f0438,0x1f0438,0x1f05a8,368
mk_recovered_001f05a8,0x1f05a8,0x1f061c,116
mk_recovered_00285258,0x285258,0x2853e0,392
mk_recovered_00286518,0x286518,0x286544,44
mk_recovered_00286548,0x286548,0x2865e8,160
mk_recovered_00318b08,0x318b08,0x318d44,572
mk_recovered_00318e80,0x318e80,0x318e8c,12
mk_recovered_00318e90,0x318e90,0x318fdc,332
mk_recovered_00327de0,0x327de0,0x327dec,12
mk_recovered_00327df0,0x327df0,0x327e28,56
mk_recovered_0034ed50,0x34ed50,0x34eea8,344
mk_recovered_0034eea8,0x34eea8,0x34f06c,452
mk_recovered_00364378,0x364378,0x3644c4,332
mk_recovered_003800b8,0x3800b8,0x380148,144
mk_recovered_00119638,0x119638,0x119780,328
mk_recovered_00119cc8,0x119cc8,0x119cd4,12
mk_recovered_00119f70,0x119f70,0x119f88,24
mk_recovered_0011a5c0,0x11a5c0,0x11a634,116
mk_recovered_0011a638,0x11a638,0x11a684,76
mk_recovered_0011fab8,0x11fab8,0x11fba4,236
mk_recovered_00165e08,0x165e08,0x165eb8,176
mk_recovered_00165fe8,0x165fe8,0x1660d8,240
mk_recovered_00180800,0x180800,0x18080c,12
mk_recovered_00180810,0x180810,0x1808c4,180
mk_recovered_001b2a18,0x1b2a18,0x1b2a24,12
mk_recovered_001b2a28,0x1b2a28,0x1b2ef4,1228
mk_recovered_001c4e20,0x1c4e20,0x1c510c,748
mk_recovered_001c5110,0x1c5110,0x1c51a8,152
mk_recovered_001e6470,0x1e6470,0x1e6480,16
mk_recovered_001e6480,0x1e6480,0x1e6768,744
mk_recovered_001eab58,0x1eab58,0x1eaf30,984
mk_recovered_0029aed0,0x29aed0,0x29af04,52
mk_recovered_002c0ff8,0x2c0ff8,0x2c1010,24
mk_recovered_002d30d0,0x2d30d0,0x2d369c,1484
mk_recovered_002ef3f8,0x2ef3f8,0x2ef70c,788
mk_recovered_002ef710,0x2ef710,0x2efa24,788
mk_recovered_003143f0,0x3143f0,0x3144c0,208
mk_recovered_00318fe0,0x318fe0,0x318fec,12
mk_recovered_00318ff0,0x318ff0,0x3191c8,472
mk_recovered_0034d310,0x34d310,0x34d35c,76
mk_recovered_0014e7f8,0x14e7f8,0x14e9f4,508
mk_recovered_0014ed88,0x14ed88,0x14ed94,12
mk_recovered_001583f0,0x1583f0,0x158538,328
mk_recovered_00166880,0x166880,0x1668d0,80
mk_recovered_00181a58,0x181a58,0x181e18,960
mk_recovered_001b2288,0x1b2288,0x1b23ec,356
mk_recovered_0029ce28,0x29ce28,0x29cef4,204
mk_recovered_002af980,0x2af980,0x2af9c0,64
mk_recovered_002c0fa8,0x2c0fa8,0x2c0ff4,76
mk_recovered_002c96c8,0x2c96c8,0x2c973c,116
mk_recovered_002dc548,0x2dc548,0x2dc568,32
mk_recovered_0035ceb8,0x35ceb8,0x35cef0,56
mk_recovered_0036d538,0x36d538,0x36d544,12
mk_recovered_0036d548,0x36d548,0x36d554,12
mk_recovered_0014d4c0,0x14d4c0,0x14d570,176
mk_recovered_0014d570,0x14d570,0x14d620,176
mk_recovered_0014d620,0x14d620,0x14d6c0,160
mk_recovered_0014d6c0,0x14d6c0,0x14d730,112
mk_recovered_0015aca8,0x15aca8,0x15acb4,12
mk_recovered_0015adb0,0x15adb0,0x15ae18,104
mk_recovered_0015ae18,0x15ae18,0x15ae94,124
mk_recovered_0015ae98,0x15ae98,0x15af18,128
mk_recovered_0015af18,0x15af18,0x15afa4,140
mk_recovered_0015afa8,0x15afa8,0x15b0b4,268
mk_recovered_0015b0b8,0x15b0b8,0x15b110,88
mk_recovered_0015b110,0x15b110,0x15b240,304
mk_recovered_001b4e90,0x1b4e90,0x1b4e9c,12
mk_recovered_001b50a0,0x1b50a0,0x1b511c,124
mk_recovered_001b5120,0x1b5120,0x1b5298,376
mk_recovered_0036c760,0x36c760,0x36c768,8
mk_recovered_0036d510,0x36d510,0x36d518,8
mk_recovered_0036d518,0x36d518,0x36d524,12
mk_recovered_0036d528,0x36d528,0x36d534,12
mk_recovered_0036d568,0x36d568,0x36d574,12
mk_recovered_0036d578,0x36d578,0x36d584,12
mk_recovered_0036d590,0x36d590,0x36d598,8
mk_recovered_0036dd58,0x36dd58,0x36ddd4,124
mk_recovered_0036ddd8,0x36ddd8,0x36dde0,8
mk_recovered_0036dde0,0x36dde0,0x36de5c,124
mk_recovered_00121038,0x121038,0x1210e0,168
mk_recovered_003ccf70,0x3ccf70,0x3ccfb8,72
mk_recovered_0046f768,0x46f768,0x46f88c,292
mk_recovered_0014ef20,0x14ef20,0x14ef54,52
mk_recovered_00170b58,0x170b58,0x1720e4,5516
mk_recovered_001737b0,0x1737b0,0x173e14,1636
mk_recovered_00173e18,0x173e18,0x1743b8,1440
mk_recovered_001720e8,0x1720e8,0x1737ac,5828
mk_recovered_001e6958,0x1e6958,0x1e6998,64
